{
  "baseline": {
    "accuracy": 0.9073333333333333,
    "precision": 0.0521978021978022,
    "recall": 0.051490514905149054,
    "f1": 0.05184174624829468,
    "roc_auc": 0.5015551017941815
  },
  "Logistic Regression": {
    "accuracy": 0.9621333333333333,
    "precision": 0.912621359223301,
    "recall": 0.25474254742547425,
    "f1": 0.3983050847457627,
    "roc_auc": 0.838022010846949
  },
  "Decision Tree": {
    "accuracy": 0.9642666666666667,
    "precision": 0.7563451776649747,
    "recall": 0.4037940379403794,
    "f1": 0.5265017667844523,
    "roc_auc": 0.7714612218342068
  },
  "Random Forest": {
    "accuracy": 0.9676,
    "precision": 1.0,
    "recall": 0.34146341463414637,
    "f1": 0.5090909090909091,
    "roc_auc": 0.9008318578487987
  },
  "AdaBoost": {
    "accuracy": 0.9733333333333334,
    "precision": 0.9289340101522843,
    "recall": 0.4959349593495935,
    "f1": 0.646643109540636,
    "roc_auc": 0.876150507403265
  }
}